Seed protein;Ohnolog;Inferred topology;Blast Score;Kimura_distance;Divergence age
YAL007C;YOR016C;A – A;0,777419355;0,381933;NA
YAL015C;YOL043C;A – A;0,372860636;1,020427;58,63
YAL030W;YOR327C;A – A;0,722772277;0,269593;13,76
YAL062W;YOR375C;A – A;0,882091212;0,143101;49,85
YBL030C;YBR085W;A – A;0,914236707;0,104949;70,63
YBL069W;YER101C;A – A;0,710494572;0,395456;58,97
YBL089W;YER119C;A – A;0,488697524;0,667974;NA
YBL106C;YPR032W;A – A;0,544038929;0,675958;88,66
YBR001C;YDR001C;A – A;0,762939297;0,273204;56,53
YBR020W;YDR009W;A – A;0,757990868;0,321886;106,95
YBR031W;YDR012W;A – A;0,996879875;0,002768;11,64
YBR054W;YDR033W;A – A;0,730831974;0,368942;NA
YBR068C;YDR046C;A – A;0,744833068;0,334885;129,24
YBR085W;YBL030C;A – A;0,908928571;0,104949;96,98
YBR089C-A;YPR052C;A – A;0,857988166;0,155126;143,91
YBR140C;YOL081W;A – A;0,436843947;0,885076;NA
YBR161W;YPL057C;A – A;0,641231593;0,379144;70,16
YBR183W;YPL087W;A – A;0,547140649;0,706145;65,54
YBR191W;YPL079W;A – A;0,996610169;0,01261;0
YBR218C;YGL062W;A – A;0,939524838;0,076015;34,07
YBR273C;YJL048C;A – A;0,163591636;1,46668;77,84
YCL024W;YDR507C;A – A;0,405978261;0,752212;NA
YCL025C;YDR508C;A – A;0,672456576;0,411055;49,83
YCR005C;YNR001C;A – A;0,807606264;0,251184;97,03
YCR037C;YJL198W;A – A;0,635173591;0,341436;NA
YCR069W;YNR028W;A – A;0,236754967;1,320602;NA
YCR073C;YNR031C;A – A;0,517123288;0,732449;30,75
YCR073W-A;YNR034W;A – A;0,806754221;0,268609;74,86
YDL022W;YOL059W;A – A;0,741975309;0,34057;NA
YDL036C;YOL066C;A – A;0,618834081;0,511599;NA
YDL061C;YLR388W;A – A;0,933333333;0,095278;25,98
YDL075W;YLR406C;A – A;0,995633188;0,008905;10
YDL082W;YMR142C;A – A;0,989130435;0,010122;74,81
YDL088C;YMR153W;A – A;0,180442375;1,439431;156,92
YDL131W;YDL182W;A – A;0,872460497;0,097862;82,01
YDL134C;YDL188C;A – A;0,929155313;0,107899;NA
YDL137W;YDL192W;A – A;0,975935829;0,039753;NA
YDL161W;YLR206W;A – A;0,555729984;0,427724;85,98
YDL182W;YDL131W;A – A;0,898837209;0,097862;NA
YDL188C;YDL134C;A – A;0,881163085;0,107899;NA
YDL229W;YNL209W;A – A;0,991743119;0,006555;27,62
YDR001C;YBR001C;A – A;0,777989822;0,273204;NA
YDR009W;YBR020W;A – A;0,762983947;0,321886;NA
YDR012W;YBR031W;A – A;0,996879875;0,002768;11,64
YDR033W;YBR054W;A – A;0,701130856;0,368942;NA
YDR046C;YBR068C;A – A;0,741991342;0,334885;137
YDR093W;YER166W;A – A;0,701497193;0,377479;106,74
YDR099W;YER177W;A – A;0,925847458;0,066654;NA
YDR107C;YLR083C;A – A;0,753881988;0,305052;102,35
YDR132C;YLR108C;A – A;0,385469223;1,004452;NA
YDR178W;YLR164W;A – A;0,49867374;0,782775;98,72
YDR185C;YLR168C;A – A;0,6;0,667238;NA
YDR263C;YOR033C;A – A;0,494797688;0,715684;NA
YDR277C;YOR047C;A – A;0,603603604;0,548666;NA
YDR312W;YHR066W;A – A;0,955431755;0,062209;76,15
YDR353W;YHR106W;A – A;0,881458967;0,160591;84,33
YDR358W;YHR108W;A – A;0,479962721;0,728855;134,51
YDR406W;YOR153W;A – A;0,776829669;0,300045;NA
YDR447C;YML024W;A – A;0,992727273;0,007391;0
YDR453C;YML028W;A – A;0,902743142;0,158924;115,01
YDR471W;YHR010W;A – A;0,991836735;0,007391;NA
YDR483W;YPL053C;A – A;0,407407407;1,106092;NA
YDR497C;YOL103W;A – A;0,789333333;0,234601;NA
YDR500C;YLR185W;A – A;0,943502825;0,071616;NA
YDR507C;YCL024W;A – A;0,383384933;0,752212;166,41
YDR508C;YCL025C;A – A;0,644338118;0,411055;NA
YDR516C;YCL040W;A – A;0,733075435;0,332623;34,23
YEL006W;YIL006W;A – A;0,555189456;0,607354;78,04
YEL030W;YJR045C;A – A;0,820656525;0,223095;120,55
YEL034W;YJR047C;A – A;0,925696594;0,102439;NA
YEL039C;YJR048W;A – A;0,818565401;0,187043;120,32
YEL041W;YJR049C;A – A;0,514492754;0,724548;NA
YER070W;YIL066C;A – A;0,837611607;0,208784;26,61
YER089C;YBL056W;A – A;0,587978142;0,499017;77,45
YER101C;YBL069W;A – A;0,713641488;0,395456;29,76
YER103W;YBL075C;A – A;0,920168067;0,120156;86,27
YER119C;YBL089W;A – A;0,47816092;0,667974;NA
YER131W;YGL189C;A – A;0,983050847;0,017007;0
YER174C;YDR098C;A – A;0,750588235;0,422717;159,56
YER177W;YDR099W;A – A;0,973214286;0,066654;NA
YFL004W;YPL019C;A – A;0,572196105;0,580421;14,09
YFR014C;YOL016C;A – A;0,575722543;0,605302;NA
YFR015C;YLR258W;A – A;0,832116788;0,206909;47,91
YFR053C;YGL253W;A – A;0,783472803;0,267676;74,92
YGL031C;YGR148C;A – A;0,991596639;0,033005;104,45
YGL062W;YBR218C;A – A;0,943092963;0,076015;33,82
YGL076C;YPL198W;A – A;0,988864143;0,02079;NA
YGL084C;YPL189W;A – A;0,564338235;0,614403;NA
YGL089C;YPL187W;A – A;0,625;0,454152;99,91
YGL139W;YPL221W;A – A;0,642590286;0,428169;56,38
YGL189C;YER131W;A – A;0,978902954;0,017007;0
YGL225W;YER039C;A – A;0,570446735;0,227533;90,21
YGL253W;YFR053C;A – A;0,776748971;0,267676;65,36
YGR027C;YLR333C;A – A;0,993548387;0,00932;NA
YGR032W;YLR342W;A – A;0,88806366;0,125763;NA
YGR034W;YLR344W;A – A;0,992031873;0,007918;15,13
YGR070W;YLR371W;A – A;0,474704492;0,774301;20,66
YGR085C;YPR102C;A – A;0,997214485;0,00577;20,98
YGR092W;YPR111W;A – A;0,73870682;0,27847;36,23
YGR121C;YPR138C;A – A;0,803061224;0,265061;57,07
YGR124W;YPR145W;A – A;0,906028369;0,134215;NA
YGR131W;YPR149W;A – A;0,619631902;0,52867;66,74
YGR138C;YPR156C;A – A;0,91276252;0,108909;54,22
YGR143W;YPR159W;A – A;0,741297468;0,347266;NA
YGR148C;YGL031C;A – A;0,950617284;0,033005;104,45
YGR192C;YJR009C;A – A;0,970588235;0,037085;127,86
YGR197C;YJR015W;A – A;0,43970894;0,881974;73,13
YGR209C;YLR043C;A – A;0,797169811;0,25195;NA
YGR213C;YLR046C;A – A;0,255850234;1,304018;NA
YGR214W;YLR048W;A – A;0,985882353;0,053527;57,98
YGR254W;YHR174W;A – A;0,930045872;0,049733;NA
YGR256W;YHR183W;A – A;0,875984252;0,131894;NA
YHL001W;YKL006W;A – A;0,992;0,007283;NA
YHL003C;YKL008C;A – A;0,742818057;0,386741;132,64
YHL017W;YKL039W;A – A;0,519114688;0,773037;49,48
YHL033C;YLL045C;A – A;0,98265896;0,027878;44,56
YHR010W;YDR471W;A – A;0,991836735;0,007391;NA
YHR021C;YKL156W;A – A;0,99408284;0,0123;NA
YHR066W;YDR312W;A – A;0,956647399;0,062209;57,17
YHR097C;YDR348C;A – A;0,341281669;0,80972;98,46
YHR106W;YDR353W;A – A;0,816901408;0,160591;NA
YHR108W;YDR358W;A – A;0,500455789;0,728855;133,38
YHR115C;YNL116W;A – A;0,650724638;0,543783;36,92
YHR149C;YGR221C;A – A;0,144578313;1,287275;NA
YHR163W;YGR248W;A – A;0,515503876;0,820277;NA
YHR174W;YGR254W;A – A;0,967272727;0,049733;50,1
YHR183W;YGR256W;A – A;0,902636917;0,131894;NA
YIL006W;YEL006W;A – A;0,506702413;0,607354;69,37
YIL050W;YER059W;A – A;0,443413729;0,757087;64,7
YIL056W;YER064C;A – A;0,222429907;1,058228;NA
YIL066C;YER070W;A – A;0,841340782;0,208784;32,6
YIL123W;YNL066W;A – A;0,779527559;0,34362;119,33
YIL133C;YNL069C;A – A;0,884711779;0,114637;NA
YIL138C;YNL079C;A – A;0,55982906;0,465251;38,01
YIL149C;YKR095W;A – A;0,124195032;1,670798;NA
YIR033W;YKL020C;A – A;0,271144279;1,027484;21,46
YJL082W;YKR018C;A – A;0,665229885;0,42406;21,14
YJL134W;YKR053C;A – A;0,528994083;0,673157;NA
YJL136C;YKR057W;A – A;1;0,011588;0
YJL137C;YKR058W;A – A;0,390862944;0,887453;65,11
YJL159W;YKL163W;A – A;0,620985011;0,237401;NA
YJL177W;YKL180W;A – A;0,991071429;0,010953;26,6
YJL198W;YCR037C;A – A;0,666878173;0,341436;86,19
YJR009C;YGR192C;A – A;0,967741935;0,037085;124,53
YJR015W;YGR197C;A – A;0,474019088;0,881974;100,81
YJR045C;YEL030W;A – A;0,834154351;0,223095;144,33
YJR047C;YEL034W;A – A;0,925696594;0,102439;116,38
YJR048W;YEL039C;A – A;0,850877193;0,187043;NA
YJR049C;YEL041W;A – A;0,528205128;0,724548;NA
YJR059W;YKL198C;A – A;0,400541272;0,774004;98,52
YJR061W;YKL201C;A – A;0,372807018;0,952354;NA
YJR127C;YML081W;A – A;0,300575816;0,955715;41,46
YKL006W;YHL001W;A – A;0,995594714;0,007283;NA
YKL008C;YHL003C;A – A;0,725707257;0,386741;131,9
YKL039W;YHL017W;A – A;0,485195798;0,773037;53,8
YKL129C;YMR109W;A – A;0,734593262;0,293232;NA
YKL148C;YJL045W;A – A;0,857592447;0,167629;120,95
YKL156W;YHR021C;A – A;0,99408284;0,0123;NA
YKL164C;YJL160C;A – A;0,501144165;0,610927;178,52
YKL180W;YJL177W;A – A;0,991044776;0,010953;0
YKL198C;YJR059W;A – A;0,485950413;0,774004;NA
YKL201C;YJR061W;A – A;0,345934749;0,952354;NA
YKR018C;YJL082W;A – A;0,673654787;0,42406;21,89
YKR021W;YJL084C;A – A;0,327303561;0,999757;0,45
YKR052C;YJL133W;A – A;0,767295597;0,324358;9,3
YKR053C;YJL134W;A – A;0,529192547;0,673157;63,52
YKR057W;YJL136C;A – A;1;0,011588;0
YKR061W;YJL139C;A – A;0,618510158;0,522957;67,13
YLL045C;YHL033C;A – A;0,984555985;0,027878;44,43
YLR029C;YMR121C;A – A;0,992063492;0,009872;NA
YLR043C;YGR209C;A – A;0,783783784;0,25195;85,66
YLR046C;YGR213C;A – A;0,298181818;1,304018;105,23
YLR048W;YGR214W;A – A;0,986425339;0,053527;58,93
YLR083C;YDR107C;A – A;0,761828388;0,305052;109,44
YLR108C;YDR132C;A – A;0,372427984;1,004452;181,8
YLR164W;YDR178W;A – A;0,547619048;0,782775;31,03
YLR168C;YDR185C;A – A;0,465838509;0,667238;57,65
YLR185W;YDR500C;A – A;0,943502825;0,071616;NA
YLR206W;YDL161W;A – A;0,628252788;0,427724;0,42
YLR249W;YNL014W;A – A;0,872627373;0,182864;49,4
YLR258W;YFR015C;A – A;0,841394026;0,206909;49,09
YLR270W;YOR173W;A – A;0,701101928;0,434328;33,72
YLR300W;YOR190W;A – A;0,686318131;0,479945;133,53
YLR328W;YGR010W;A – A;0,815899582;0,261307;32,68
YLR333C;YGR027C;A – A;0,987096774;0,00932;NA
YLR342W;YGR032W;A – A;0,885397412;0,125763;NA
YLR344W;YGR034W;A – A;0,992031873;0,007918;15,13
YLR350W;YGR038W;A – A;0,646437995;0,415293;14,81
YLR388W;YDL061C;A – A;0,941176471;0,095278;25,98
YLR406C;YDL075W;A – A;0,995633188;0,008905;10
YLR432W;YML056C;A – A;0,897142857;0,120314;42,92
YLR441C;YML063W;A – A;0,969565217;0,032078;NA
YLR448W;YML073C;A – A;0,957317073;0,059181;NA
YLR450W;YML075C;A – A;0,604063429;0,507927;48,46
YLR456W;YPR172W;A – A;0,398568019;0,861603;119,81
YML024W;YDR447C;A – A;0,992727273;0,007391;0
YML028W;YDR453C;A – A;0,900497512;0,158924;113,83
YML056C;YLR432W;A – A;0,873840445;0,120314;45,53
YML063W;YLR441C;A – A;0,997762864;0,032078;NA
YML073C;YLR448W;A – A;0,954407295;0,059181;36,62
YML074C;YLR449W;A – A;0,729665072;0,538347;117,13
YML075C;YLR450W;A – A;0,630487217;0,507927;33,73
YML081W;YJR127C;A – A;0,355654102;0,955715;35,86
YML085C;YML124C;A – A;0,914285714;0,093406;44,22
YML087C;YML125C;A – A;0,476851852;0,851325;NA
YML100W;YMR261C;A – A;0,483557202;0,653807;69,28
YML124C;YML085C;A – A;0,927971188;0,093406;63,98
YML125C;YML087C;A – A;0,4828125;0,851325;67,29
YMR109W;YKL129C;A – A;0,767979452;0,293232;NA
YMR121C;YLR029C;A – A;0,992063492;0,009872;NA
YMR142C;YDL082W;A – A;0,993993994;0,010122;74,81
YMR186W;YPL240C;A – A;0,977701544;0,023095;NA
YMR194W;YPL249C-A;A – A;0,984771574;0,020284;9,07
YMR230W;YOR293W;A – A;0,98156682;0,029156;52,98
YMR261C;YML100W;A – A;0,543714434;0,653807;75,63
YMR279C;YML116W;A – A;0,609218437;0,60533;56,41
YMR305C;YGR279C;A – A;0,679012346;0,565634;NA
YNL014W;YLR249W;A – A;0,860177866;0,182864;54,27
YNL020C;YIL095W;A – A;0,411037891;0,832809;65,14
YNL066W;YIL123W;A – A;0,777210884;0,34362;97,28
YNL069C;YIL133C;A – A;0,928947368;0,114637;NA
YNL079C;YIL138C;A – A;0,515151515;0,465251;38,01
YNL087W;YOR086C;A – A;0,548047389;0,6773;119,49
YNL095C;YOR092W;A – A;0,571644042;0,476196;NA
YNL104C;YOR108W;A – A;0,820492454;0,200854;59,61
YNL209W;YDL229W;A – A;0,994485294;0,006555;58,89
YNL299W;YOL115W;A – A;0,454258675;0,6441;NA
YNL302C;YOL121C;A – A;0,993174061;0,006978;24,05
YNR002C;YCR010C;A – A;0,789279113;0,260749;53,29
YNR028W;YCR069W;A – A;0,233387358;1,320602;NA
YOL016C;YFR014C;A – A;0,558215452;0,605302;NA
YOL043C;YAL015C;A – A;0,387547649;1,020427;59,12
YOL066C;YDL036C;A – A;0,462993421;0,511599;89,98
YOL081W;YBR140C;A – A;0,428940124;0,885076;NA
YOL103W;YDR497C;A – A;0,752873563;0,234601;43,39
YOL115W;YNL299W;A – A;0,568608095;0,6441;NA
YOL121C;YNL302C;A – A;0,993174061;0,006978;20,75
YOR016C;YAL007C;A – A;0,659898477;0,381933;NA
YOR047C;YDR277C;A – A;0,542111507;0,548666;NA
YOR086C;YNL087W;A – A;0,54488611;0,6773;126,44
YOR092W;YNL095C;A – A;0,620083682;0,476196;NA
YOR108W;YNL104C;A – A;0,841395718;0,200854;70,06
YOR153W;YDR406W;A – A;0,766709512;0,300045;NA
YOR156C;YDR409W;A – A;0,240219629;1,194219;NA
YOR173W;YLR270W;A – A;0,699175824;0,434328;31,91
YOR185C;YLR293C;A – A;0,913242009;0,018502;43,67
YOR190W;YLR300W;A – A;0,684385382;0,479945;80,14
YOR226C;YPL135W;A – A;0,757763975;0,285591;14,96
YOR227W;YPL137C;A – A;0,3714543;0,832039;38,59
YOR234C;YPL143W;A – A;0,99543379;0,009407;NA
YOR256C;YPL176C;A – A;0,412098299;0,932403;NA
YOR293W;YMR230W;A – A;0,97706422;0,029156;NA
YOR327C;YAL030W;A – A;0,785714286;0,269593;0
YOR371C;YAL056W;A – A;0,272837266;1,168451;39,56
YOR375C;YAL062W;A – A;0,88863892;0,143101;NA
YPL038W;YDR253C;A – A;0,362637363;0,932031;49,73
YPL057C;YBR161W;A – A;0,63740458;0,379144;86,1
YPL079W;YBR191W;A – A;0,993243243;0,01261;0
YPL081W;YBR189W;A – A;0,997191011;0,015552;NA
YPL087W;YBR183W;A – A;0,547140649;0,706145;52,63
YPL135W;YOR226C;A – A;0,719764012;0,285591;0
YPL137C;YOR227W;A – A;0,354359926;0,832039;41,57
YPL143W;YOR234C;A – A;0,990909091;0,009407;NA
YPL187W;YGL089C;A – A;0,495176849;0,454152;139,42
YPL189W;YGL084C;A – A;0,540921919;0,614403;NA
YPL198W;YGL076C;A – A;0,990498812;0,02079;NA
YPL221W;YGL139W;A – A;0,634456453;0,428169;58,98
YPL232W;YMR183C;A – A;0,742286751;0,307065;35,03
YPL240C;YMR186W;A – A;0,978373702;0,023095;NA
YPL249C-A;YMR194W;A – A;0,97979798;0,020284;9,07
YPR032W;YBL106C;A – A;0,551536174;0,675958;89,36
YPR102C;YGR085C;A – A;0,994444444;0,00577;20,98
YPR120C;YGR109C;A – A;0,431325301;0,867988;NA
YPR138C;YGR121C;A – A;0,782306163;0,265061;47,61
YPR145W;YGR124W;A – A;0,889079966;0,134215;112,5
YPR149W;YGR131W;A – A;0,61682243;0,52867;67,85
YPR156C;YGR138C;A – A;0,885483871;0,108909;58,74
YPR159W;YGR143W;A – A;0,68794835;0,347266;106,75
YPR172W;YLR456W;A – A;0,422651934;0,861603;126,69
YBL067C;YER098W;A - AB;0,398485891;0,854459;179,79
YBR014C;YDL010W;A - AB;0,365853659;1,111006;179,45
YBR104W;YPR058W;A - AB;0,63022508;0,396298;NA
YBR117C;YPR074C;A - AB;0,741318214;0,358924;201,33
YBR147W;YOL092W;A - AB;0,530988275;0,501024;115,79
YBR169C;YPL106C;A - AB;0,771272443;0,295394;180,35
YBR210W;YGL054C;A - AB;0,578313253;0,562679;158,86
YBR242W;YGL101W;A - AB;0,6;0,475586;177,58
YBR284W;YJL070C;A - AB;0,321766562;0,94372;87,16
YCL011C;YNL004W;A - AB;0,474702381;0,694323;193,68
YCL040W;YDR516C;A - AB;0,731660232;0,332623;168,37
YDL042C;YOL068C;A - AB;0,541811847;0,507882;200,95
YDL079C;YMR139W;A - AB;0,448173741;0,527846;NA
YDL085W;YMR145C;A - AB;0,578604651;0,580756;161,01
YDL138W;YDL194W;A - AB;0,553824363;0,526358;NA
YDR018C;YBR042C;A - AB;0,350364964;1,021613;146,95
YDR111C;YLR089C;A - AB;0,65063788;0,489396;136,37
YDR122W;YLR096W;A - AB;0,470748299;0,591343;148,68
YDR147W;YLR133W;A - AB;0,309566787;1,153881;87,89
YDR247W;YPL026C;A - AB;0,464566929;0,840603;162,03
YDR272W;YOR040W;A - AB;0,627826087;0,583712;108,39
YDR351W;YHR103W;A - AB;0,360957643;0,969116;171,14
YDR513W;YCL035C;A - AB;0,560311284;0,500721;135,55
YER039C;YGL225W;A - AB;0,780885781;0,227533;118,48
YER064C;YIL056W;A - AB;0,256152125;1,058228;175,81
YER099C;YBL068W;A - AB;0,907617504;0,11564;164,48
YER105C;YBL079W;A - AB;0,391593695;0,976736;NA
YER144C;YDR069C;A - AB;0,349671249;0,97444;111,17
YFL034C-A;YLR061W;A - AB;0,893401015;0,166275;59,05
YFR023W;YHR015W;A - AB;0,321672355;1,055779;166,89
YGL049C;YGR162W;A - AB;0,414259373;0,691179;193,75
YGL056C;YBR214W;A - AB;0,653107345;0,505234;37,89
YGL063W;YPL212C;A - AB;0,368906456;0,974063;102,82
YGL158W;YLR248W;A - AB;0,350198413;0,9343;103,52
YGL179C;YER129W;A - AB;0,313861386;0,937315;145,39
YGL208W;YER027C;A - AB;0,435679612;0,70849;117,09
YGR043C;YLR354C;A - AB;0,661786237;0,408269;124,84
YGR056W;YLR357W;A - AB;0,440597015;0,792196;NA
YGR108W;YPR119W;A - AB;0,542035398;0,539822;125,57
YHL035C;YLL048C;A - AB;0,490719635;0,728668;131,68
YHR047C;YKL157W;A - AB;0,718875502;0,374148;109,39
YHR057C;YDR304C;A - AB;0,52284264;0,664067;124,38
YHR117W;YNL121C;A - AB;0,473902237;0,693842;41,54
YHR123W;YNL130C;A - AB;0,577833126;0,674622;113,73
YHR135C;YNL154C;A - AB;0,749711649;0,288183;209,68
YHR162W;YGR243W;A - AB;0,743396226;0,324982;156,86
YIL111W;YNL052W;A - AB;0,661870504;0,463151;NA
YIL131C;YNL068C;A - AB;0,436882547;0,835293;119,69
YIL151C;YKR096W;A - AB;0,408762421;0,828585;103,56
YJL105W;YKR029C;A - AB;0,224603914;1,338612;110,72
YJL164C;YKL166C;A - AB;0,755;0,341279;129,96
YJL196C;YCR034W;A - AB;0,557453416;0,633203;109,16
YJR051W;YEL047C;A - AB;0,616232465;0,489703;204,43
YKL027W;YHR003C;A - AB;0,448548813;0,833536;120,53
YKL141W;YMR118C;A - AB;0,471098266;0,964127;NA
YKL161C;YHR030C;A - AB;0,532497149;0,71605;202,71
YKL168C;YJL165C;A - AB;0,362119013;0,971884;106,05
YKR003W;YHR001W;A - AB;0,755555556;0,332332;213,47
YKR029C;YJL105W;A - AB;0,170077629;1,338612;117,85
YKR098C;YIL156W;A - AB;0,311669129;0,882074;169,45
YLL012W;YLR020C;A - AB;0,450503356;0,661553;NA
YLR019W;YLL010C;A - AB;0,490712074;0,67845;199,06
YLR099C;YDR125C;A - AB;0,428395062;0,939668;NA
YLR183C;YDR501W;A - AB;0,228051392;1,136409;166,49
YLR210W;YDL155W;A - AB;0,387198321;0,80806;168,81
YLR233C;YDR206W;A - AB;0,181881051;1,740543;86,53
YLR238W;YDR200C;A - AB;0,331521739;1,060093;42,44
YLR293C;YOR185C;A - AB;0,97721519;0,018502;NA
YMR040W;YKL065C;A - AB;0,454237288;0,703766;200,61
YMR180C;YPL228W;A - AB;0,122338831;1,810669;NA
YMR310C;YGR283C;A - AB;0,256923077;1,214444;164,41
YNL009W;YLR174W;A - AB;0,775086505;0,293701;190,64
YNL047C;YIL105C;A - AB;0,497619048;0,661553;186,63
YNL049C;YIL109C;A - AB;0,594642857;0,529996;128,05
YNL096C;YOR096W;A - AB;0,905263158;0,13237;114,07
YNL108C;YOR110W;A - AB;0,60261194;0,612262;110,83
YNR023W;YCR052W;A - AB;0,1643324;1,509505;73,83
YOL011W;YMR008C;A - AB;0,632047478;0,507387;190,38
YOL045W;YAL017W;A - AB;0,523627685;0,571273;180,74
YOL113W;YNL298W;A - AB;0,449009538;0,714793;50,32
YOR167C;YLR264W;A - AB;0,992307692;0,015083;34,37
YOR321W;YAL023C;A - AB;0,663252241;0,450411;113,3
YOR347C;YAL038W;A - AB;0,724378109;0,369692;165,3
YPL139C;YOR229W;A - AB;0,336864407;1,104648;NA
YPR030W;YBL101C;A - AB;0,242926829;1,22376;NA
YPR042C;YJR091C;A - AB;0,384349827;0,772025;48,66
